"Language","App name","Short description","Full description"
"en-GB","Edendale","Play your own movies and shows. Track what you watch. Free and open-source.","Edendale is a free, open-source video player and personal watch tracker for the movies and shows you already own. Point it at your own files, imported folders, or a supported network source, and Edendale builds a private library you control — no streaming catalogue, no subscription, and no Edendale account.

PLAY YOUR OWN VIDEO
• Open individual files, whole folders, or supported network sources.
• Smooth playback on phones, tablets, Android TV, and large resizable windows, powered by Media3.
• Pick up where you left off with saved progress for every title.

A LIBRARY THAT STAYS YOURS
• Edendale reads your files and keeps library and watch data on your device.
• Filenames are classified locally before any optional metadata lookup.
• There is no Edendale account to create and nothing to sign in to.

RICH METADATA, ON YOUR TERMS
• Optionally enrich your library with details from TMDB: movies, shows, people, seasons, episodes, and release dates.
• Browse cast and crew, artwork, and release calendars.
• Trailers open only after you choose to play them.

TRACK WHAT YOU WATCH
• Record progress, ratings, and written reviews.
• Keep watch state and personal notes to yourself.
• Sort your library with watchlists and filters, including a young-audience filter.

BUILT FOR EVERY SCREEN
• One design that adapts to touch, remote, keyboard, and mouse.
• Full Android TV and tablet layouts with D-pad focus support.
• Optional online subtitle search that you trigger yourself.

PRIVATE BY DESIGN
• No analytics. No tracking. No ads.
• Device library data stays on the device, separate from portable watch state.
• Optional features — metadata, subtitles, trailers — never run until you ask.

Edendale is open-source software. Bring your own media; keep your own data."
